<metaList>
  <metadata>
    <productId>embeddedEsx</productId>
    <version>5.*</version>
    <locale></locale>
    <patchUrl></patchUrl>
    <url>Chimer-Labs-HPE_Gen9_Support-0.1-metadata.zip</url>
    <channelName>default</channelName>
  </metadata>
  <metadata>
    <productId>embeddedEsx</productId>
    <version>6.*</version>
    <locale></locale>
    <patchUrl></patchUrl>
    <url>Chimer-Labs-HPE_Gen9_Support-0.1-metadata.zip</url>
    <channelName>default</channelName>
  </metadata>
</metaList>
